[
    {
        "_schemaName": "_SYS_BIC",
        "_objectName": "SampleProject.Models::SalesDetail",
        "_objectType": "VIEW"
    },
    {
        "_schemaName": "_SYS_BIC",
        "_objectName": "SampleProject.Models/SalesDetail",
        "_objectType": "VIEW"
    },
    {
        "_schemaName": "PROJECT_SCHEMA",
        "_objectName": "",
        "_objectType": "SCHEMA"
    },
    {
        "_schemaName": "PROJECT_SCHEMA",
        "_objectName": "SampleProject.TableDefinition::TBL",
        "_objectType": "Context"
    },
    {
        "_schemaName": "PROJECT_SCHEMA",
        "_objectName": "SampleProject.TableDefinition::TBL.Sales",
        "_objectType": "Entity"
    }
]